id,is_consider,is_dynamic,x,y,s,l,min_s,max_s,min_l,max_l,s_vel,l_vel,t_in,t_out,s_in,s_out,corner0_s,corner0_l,corner1_s,corner1_l,corner2_s,corner2_l,corner3_s,corner3_l
0,1,1,1.300000,1.850000,0.750000,1.850000,0.210068,1.289932,1.404777,2.295223,0.450000,-1.050000,0.385502,3.138308,0.383544,1.775068,1.289932,2.087905,1.137171,1.404777,0.362829,2.295223,0.210068,1.612095
1,1,1,2.350000,-2.100000,1.800000,-2.100000,1.314730,2.285270,-2.545029,-1.654971,0.620000,0.920000,0.711925,3.853292,2.592391,3.838044,2.150998,-1.654971,2.285270,-2.392854,1.314730,-1.807146,1.449003,-2.545029
2,1,1,3.550000,1.250000,3.000000,1.250000,2.477710,3.522290,0.813297,1.686703,0.350000,-0.820000,0.000000,3.276467,3.196163,3.804104,3.522290,1.437983,3.342659,0.813297,2.657341,1.686703,2.477710,1.062017
3,1,1,4.850000,-1.550000,4.300000,-1.550000,3.828269,4.771731,-1.985049,-1.114951,0.580000,1.080000,0.106436,2.763935,3.890002,5.431351,4.605339,-1.114951,4.771731,-1.794887,3.828269,-1.305113,3.994661,-1.985049
