id,center_x,center_y,length,width,yaw,x_vel,y_vel
0,3.000000,0.000000,0.800000,0.800000,0.060000,0.000000,0.000000
1,4.800000,2.000000,0.800000,0.700000,-0.090000,0.000000,0.000000
2,6.300000,-0.550000,0.800000,0.700000,0.040000,0.000000,0.000000
