index,x,y,yaw,dir
0,-0.25135,18.0369,0.0416232,1
1,10.6659,12.2121,-0.29737,1
