index,x,y,yaw,dir
0,-0.25135,18.0369,-0.58729,1
1,11.9364,15.3856,-0.792354,1
2,14.2477,12.9971,-0.779291,1
