index,t,s,is_feasible
0,0.000000,0.000000,1
1,0.250000,0.200000,1
2,0.500000,0.400000,1
3,0.750000,0.600000,1
4,1.000000,0.800000,1
5,1.250000,1.000000,1
6,1.500000,1.000000,0
7,1.750000,1.000000,0
8,2.000000,1.000000,0
9,2.250000,1.000000,0
10,2.500000,1.000000,0
11,2.750000,1.000000,0
12,3.000000,1.000000,0
13,3.250000,1.000000,0
14,3.500000,1.000000,0
15,3.750000,1.000000,0
16,4.000000,1.000000,0
