id,center_x,center_y,length,width,yaw,x_vel,y_vel
0,1.800000,1.800000,0.800000,0.600000,-0.180000,0.200000,-0.800000
1,3.000000,-1.900000,0.800000,0.600000,0.160000,0.220000,0.750000
2,4.200000,1.700000,0.800000,0.600000,-0.200000,0.200000,-0.700000
3,5.400000,-1.800000,0.800000,0.600000,0.180000,0.240000,0.780000
