index,x,y,yaw,dir
0,3.625,15.125,-1.02936,1
1,7.90444,8.9103,-0.78093,1
