index,x,y,yaw,dir
0,3.625,15.125,-1.02862,1
1,4.22077,14.0655,-0.830723,1
2,7.03355,9.76501,-0.776779,1
3,8.29692,8.51863,-0.795723,1
