index,t,s
0,0.000000,0.000000
1,0.250000,0.200000
2,0.500000,0.400000
3,0.750000,0.600000
4,1.000000,0.800000
5,1.250000,1.000000
6,1.500000,1.200000
7,1.750000,1.400000
8,2.000000,1.550000
9,2.250000,1.699999
10,2.500000,1.849999
11,2.750000,1.999999
12,3.000000,2.149999
13,3.250000,2.299999
14,3.500000,2.449999
15,3.750000,2.649999
16,4.000000,2.849998
