index,t,s,is_feasible
0,0.000000,0.000000,1
1,0.250000,0.200000,1
2,0.500000,0.400000,1
3,0.750000,0.600000,1
4,1.000000,0.850000,1
5,1.250000,1.100000,1
6,1.500000,1.350000,1
7,1.750000,1.600000,1
8,2.000000,1.799999,1
9,2.250000,1.949999,1
10,2.500000,2.099999,1
11,2.750000,2.249999,1
12,3.000000,2.399999,1
13,3.250000,2.549999,1
14,3.500000,2.699999,1
15,3.750000,2.849998,1
16,4.000000,3.049998,1
