index,t,s
0,0.000000,0.000000
1,0.250000,0.150000
2,0.500000,0.250000
3,0.750000,0.350000
4,1.000000,0.400000
5,1.250000,0.450000
6,1.500000,0.500000
7,1.750000,0.550000
8,2.000000,0.600000
9,2.250000,0.650000
10,2.500000,0.700000
11,2.750000,0.750000
12,3.000000,0.800000
13,3.250000,0.850000
14,3.500000,0.900000
15,3.750000,0.950000
16,4.000000,1.050000
