id,is_consider,is_dynamic,x,y,s,l,min_s,max_s,min_l,max_l,s_vel,l_vel,t_in,t_out,s_in,s_out,corner0_s,corner0_l,corner1_s,corner1_l,corner2_s,corner2_l,corner3_s,corner3_l
0,1,1,1.800000,1.800000,1.250000,1.800000,0.802754,1.697246,1.433235,2.166765,0.200000,-0.800000,0.541544,3.958456,1.698137,1.594445,1.697246,2.023541,1.589829,1.433235,0.910171,2.166765,0.802754,1.576459
1,1,1,3.000000,-1.900000,2.450000,-1.900000,2.007314,2.892686,-2.259896,-1.540105,0.220000,0.750000,0.720139,4.000000,2.165744,2.940963,2.797096,-1.540105,2.892686,-2.132441,2.007314,-1.667559,2.102905,-2.259896
2,1,1,4.200000,1.700000,3.650000,1.700000,3.198373,4.101627,1.326512,2.073488,0.200000,-0.700000,0.466446,4.000000,3.291662,4.062136,4.101628,1.914552,3.982426,1.326512,3.317574,2.073488,3.198373,1.485448
3,1,1,5.400000,-1.800000,4.849999,-1.800000,4.402753,5.297246,-2.166765,-1.433235,0.240000,0.780000,0.555430,4.000000,5.323131,5.461662,5.189828,-1.433235,5.297246,-2.023541,4.402753,-1.576459,4.510171,-2.166765
