index,x,y,yaw,dir
0,3.625,15.125,-1.02862,1
1,7.90549,8.91099,-0.781138,1
