id,center_x,center_y,length,width,yaw,x_vel,y_vel
0,3.200000,1.100000,0.800000,0.600000,-0.100000,0.500000,-0.200000
