id,is_consider,is_dynamic,x,y,s,l,min_s,max_s,min_l,max_l,s_vel,l_vel,t_in,t_out,s_in,s_out,corner0_s,corner0_l,corner1_s,corner1_l,corner2_s,corner2_l,corner3_s,corner3_l
0,1,1,3.200000,1.100000,2.650000,1.100000,2.222048,3.077952,0.761565,1.438435,0.500000,-0.200000,0.000000,4.000000,2.222048,4.222048,3.077952,1.358568,3.018052,0.761565,2.281948,1.438435,2.222048,0.841432
