index,x,y,yaw,dir
0,3.625,15.125,-1.02862,1
1,8.04964,8.76781,-0.782823,1
