id,center_x,center_y,length,width,yaw,x_vel,y_vel
0,2.750000,-0.200000,0.800000,0.700000,0.110000,0.000000,0.000000
1,3.900000,1.850000,0.950000,0.750000,-0.130000,0.000000,0.000000
2,5.000000,-1.600000,0.750000,0.600000,0.050000,0.000000,0.000000
3,6.200000,2.600000,0.900000,0.800000,0.160000,0.000000,0.000000
4,7.300000,-0.100000,0.700000,0.650000,-0.090000,0.000000,0.000000
5,0.800000,-1.850000,1.230000,1.000000,0.200000,0.000000,0.000000
6,4.700000,0.600000,0.980000,0.980000,0.150000,0.000000,0.000000
7,1.900000,1.900000,1.000000,2.000000,0.200000,0.000000,0.000000
