{
  "A*": {
    "infer_ms": 0.0,
    "search_ms": 62.130295999850205,
    "total_ms": 62.130295999850205
  },
  "V3_原尺度": {
    "infer_ms": 26.71298560003379,
    "search_ms": 63.699368000015966,
    "total_ms": 90.41235360004976
  },
  "本文方法_64x64": {
    "infer_ms": 8.384795299980397,
    "search_ms": 15.217540000776353,
    "total_ms": 23.60233530075675
  }
}