id,center_x,center_y,length,width,yaw,x_vel,y_vel
0,3.200000,1.800000,0.800000,0.600000,-0.180000,0.200000,-0.800000
