index,t,s
0,0.000000,0.000000
1,0.250000,0.150000
2,0.500000,0.300000
3,0.750000,0.450000
4,1.000000,0.600000
5,1.250000,0.750000
6,1.500000,0.900000
7,1.750000,1.050000
8,2.000000,1.200000
9,2.250000,1.350000
10,2.500000,1.500000
11,2.750000,1.649999
12,3.000000,1.799999
13,3.250000,1.949999
14,3.500000,2.099999
15,3.750000,2.249999
16,4.000000,2.449999
