id,center_x,center_y,length,width,yaw,x_vel,y_vel
0,1.300000,1.850000,0.950000,0.700000,-0.220000,0.450000,-1.050000
1,2.350000,-2.100000,0.850000,0.750000,0.180000,0.620000,0.920000
2,3.550000,1.250000,0.900000,0.650000,-0.280000,0.350000,-0.820000
3,4.850000,-1.550000,0.800000,0.700000,0.240000,0.580000,1.080000
