id,center_x,center_y,length,width,yaw,x_vel,y_vel
0,0.800000,-1.850000,1.230000,1.000000,0.200000,0.000000,0.000000
1,1.900000,1.900000,1.000000,2.000000,0.200000,0.000000,0.000000
2,2.750000,-0.250000,0.800000,0.700000,0.110000,0.000000,0.000000
3,5.200000,-1.700000,0.750000,0.600000,0.050000,0.000000,0.000000
4,6.400000,2.600000,0.900000,0.800000,0.160000,0.000000,0.000000
5,7.200000,0.300000,0.700000,0.650000,-0.090000,0.000000,0.000000
6,5.000000,1.200000,1.100000,0.900000,0.210000,0.000000,0.000000
