index,t,s
0,0.000000,0.000000
1,0.250000,0.200000
2,0.500000,0.450000
3,0.750000,0.700000
4,1.000000,0.950000
5,1.250000,1.200000
6,1.500000,1.450000
7,1.750000,1.699999
8,2.000000,1.949999
9,2.250000,2.199999
10,2.500000,2.449999
11,2.750000,2.699999
12,3.000000,2.949998
13,3.250000,3.199998
14,3.500000,3.449998
15,3.750000,3.699998
16,4.000000,3.949997
