id,is_consider,is_dynamic,x,y,s,l,min_s,max_s,min_l,max_l,s_vel,l_vel,t_in,t_out,s_in,s_out
0,1,1,1.300000,1.850000,0.750000,1.300000,0.210068,1.289932,0.854777,1.745223,0.450000,-1.050000,0.000000,2.614498,0.210068,2.466456
1,0,1,2.350000,-2.100000,1.800000,-2.650000,1.314730,2.285270,-3.095029,-2.204971,0.620000,0.920000,0.000000,0.000000,0.000000,0.000000
2,1,1,3.550000,1.250000,3.000000,0.700000,2.477710,3.522290,0.263297,1.136703,0.350000,-0.820000,0.000000,2.605735,2.477710,4.434298
3,0,1,4.850000,-1.550000,4.300000,-2.100000,3.828269,4.771731,-2.535049,-1.664951,0.580000,1.080000,0.000000,0.000000,0.000000,0.000000
