index,x,y,yaw,dir
0,12.375,11.375,3.08789,1
1,2.625,13.6296,2.36957,1
