index,x,y,yaw,dir
0,1.375,14.875,-0.061938,1
1,5.06488,14.565,-0.982727,1
