id,is_consider,is_dynamic,x,y,s,l,min_s,max_s,min_l,max_l,s_vel,l_vel,t_in,t_out,s_in,s_out,corner0_s,corner0_l,corner1_s,corner1_l,corner2_s,corner2_l,corner3_s,corner3_l
0,1,1,3.200000,1.100000,2.650000,1.100000,2.244081,3.055920,0.792061,1.407939,0.250000,-0.200000,0.000000,4.000000,2.244081,3.244081,3.055920,1.391941,3.043921,0.792061,2.256080,1.407939,2.244081,0.808059
1,1,1,1.200000,-2.100000,0.650000,-2.100000,0.244080,1.055920,-2.407939,-1.792060,0.050000,0.250000,3.168242,4.000000,0.414492,0.451920,1.055920,-1.808059,1.043920,-2.407939,0.256080,-1.792060,0.244080,-2.391941
