index,x,y,yaw,dir
0,14.875,0.375,2.3551,1
1,9.11642,8.87238,1.56903,1
