id,center_x,center_y,length,width,yaw,x_vel,y_vel
0,2.800000,0.000000,1.200000,1.000000,0.000000,1.000000,0.000000
1,4.100000,0.250000,0.900000,0.800000,0.050000,1.000000,0.000000
