index,t,s,v,a
0,0.000000,-0.000000,0.418679,-0.000000
1,0.500000,0.209340,0.418679,-0.000000
2,1.000000,0.418679,0.418679,0.000000
3,1.500000,0.628019,0.418679,0.000000
4,2.000000,0.837359,0.418680,0.000000
5,2.500000,1.046703,0.418706,0.000103
6,3.000000,1.256252,0.419854,0.004490
7,3.500000,1.466972,0.423495,0.010074
8,4.000000,1.679992,0.428611,0.010389
