id,is_consider,is_dynamic,x,y,s,l,min_s,max_s,min_l,max_l,s_vel,l_vel,t_in,t_out,s_in,s_out
0,1,1,2.800000,0.000000,2.250000,-0.550000,1.650000,2.850000,-1.050000,-0.050000,0.010000,0.010000,0.000000,4.000000,1.650000,2.890000
1,1,1,4.100000,0.250000,3.550000,-0.300000,3.080571,4.019429,-0.721991,0.121991,0.010000,0.010000,0.000000,4.000000,3.080571,4.059429
