index,t,s,is_feasible
0,0.000000,0.000000,1
1,0.250000,0.250000,1
2,0.500000,0.550000,1
3,0.750000,0.850000,1
4,1.000000,1.150000,1
5,1.250000,1.450000,1
6,1.500000,1.799999,1
7,1.750000,2.099999,1
8,2.000000,2.349999,1
9,2.250000,2.549999,1
10,2.500000,2.749999,1
11,2.750000,2.999998,1
12,3.000000,3.249998,1
13,3.250000,3.499998,1
14,3.500000,3.749998,1
15,3.750000,3.999997,1
16,4.000000,4.249998,1
