id,center_x,center_y,length,width,yaw,x_vel,y_vel
0,2.600000,-0.350000,0.850000,0.700000,0.120000,0.000000,0.000000
1,3.400000,1.550000,1.100000,0.800000,-0.100000,0.000000,0.000000
2,4.300000,-1.350000,0.750000,0.600000,0.060000,0.000000,0.000000
3,5.250000,2.350000,1.000000,0.850000,0.150000,0.000000,0.000000
4,6.150000,-2.150000,0.900000,0.700000,-0.080000,0.000000,0.000000
5,7.050000,0.950000,0.800000,0.650000,0.110000,0.000000,0.000000
