index,t,s
0,0.000000,0.000000
1,0.250000,0.200000
2,0.500000,0.400000
3,0.750000,0.600000
4,1.000000,0.850000
5,1.250000,1.100000
6,1.500000,1.350000
7,1.750000,1.600000
8,2.000000,1.849999
9,2.250000,2.099999
10,2.500000,2.349999
11,2.750000,2.599999
12,3.000000,2.849998
13,3.250000,3.099998
14,3.500000,3.349998
15,3.750000,3.599998
16,4.000000,3.849998
