id,is_consider,is_dynamic,x,y,s,l,min_s,max_s,min_l,max_l,s_vel,l_vel,t_in,t_out,s_in,s_out,corner0_s,corner0_l,corner1_s,corner1_l,corner2_s,corner2_l,corner3_s,corner3_l
0,1,1,3.200000,1.800000,2.650000,1.800000,2.202754,3.097246,1.433235,2.166765,0.350000,-1.400000,0.309454,2.261975,3.098137,2.994445,3.097246,2.023541,2.989829,1.433235,2.310171,2.166765,2.202754,1.576459
