id,center_x,center_y,length,width,yaw,x_vel,y_vel
0,1.000000,0.150000,0.400000,0.400000,1.630968,0.000000,0.000000
