index,t,s
0,0.000000,0.000000
1,0.250000,0.250000
2,0.500000,0.500000
3,0.750000,0.750000
4,1.000000,1.000000
5,1.250000,1.250000
6,1.500000,1.500000
7,1.750000,1.749999
8,2.000000,1.999999
9,2.250000,2.249999
10,2.500000,2.499999
11,2.750000,2.749999
12,3.000000,2.999998
13,3.250000,3.249998
14,3.500000,3.499998
15,3.750000,3.749998
16,4.000000,3.999997
