id,is_consider,is_dynamic,x,y,s,l,min_s,max_s,min_l,max_l,s_vel,l_vel,t_in,t_out,s_in,s_out,corner0_s,corner0_l,corner1_s,corner1_l,corner2_s,corner2_l,corner3_s,corner3_l
0,0,0,3.000000,0.000000,2.490479,-0.993664,1.687886,3.293071,-1.393917,-0.593411,0.000000,0.000000,0.000000,0.000000,0.000000,0.000000,3.101413,-0.608306,3.293071,-1.393917,2.034081,-0.593411,1.687886,-1.352066
1,0,0,4.800000,2.000000,4.226176,1.210558,3.793229,4.659123,0.810545,1.610571,0.000000,0.000000,0.000000,0.000000,0.000000,0.000000,4.564035,1.610571,4.659123,0.916671,3.793229,1.505369,3.871435,0.810545
2,0,0,6.300000,-0.550000,6.177678,-0.999726,5.728019,6.627337,-1.421513,-0.577939,0.000000,0.000000,0.000000,0.000000,0.000000,0.000000,6.496542,-0.577939,6.627337,-1.265319,5.728019,-0.737052,5.868382,-1.421513
