{
  "idx": 252,
  "start_xy": [
    62,
    44
  ],
  "goal_xy": [
    11,
    6
  ],
  "v3_expanded": 549,
  "v3_path_length": 76.11269837220806,
  "residual_max": 42.79411315917969,
  "residual_p95": 14.659454584121704,
  "conf_mean": 0.7588006854057312,
  "conf_min": 0.0,
  "effective_max": 49.001182556152344
}