index,x,y,yaw,dir
0,6.875,7.875,-0.618541,1
1,8.85285,7.16818,0.230325,1
2,11.8152,9.62547,0.68773,1
