index,t,s
0,0.000000,0.000000
1,0.250000,0.200000
2,0.500000,0.400000
3,0.750000,0.600000
4,1.000000,0.800000
5,1.250000,1.000000
6,1.500000,1.200000
7,1.750000,1.400000
8,2.000000,1.600000
9,2.250000,1.749999
10,2.500000,1.899999
11,2.750000,2.049999
12,3.000000,2.199999
13,3.250000,2.349999
14,3.500000,2.499999
15,3.750000,2.699999
16,4.000000,2.899998
