index,x,y,yaw,dir
0,3.625,15.125,-1.02862,1
1,7.92438,8.89242,-0.782823,1
