{
  "A*": {
    "infer_ms": 0.0,
    "search_ms": 52.18081699786126,
    "total_ms": 52.18081699786126
  },
  "V3_原尺度": {
    "infer_ms": 27.439521399719524,
    "search_ms": 70.26627300001564,
    "total_ms": 97.70579439973517
  },
  "本文方法_64x64": {
    "infer_ms": 7.0177710496864165,
    "search_ms": 33.58182800002396,
    "total_ms": 40.59959904971038
  }
}