index,t,s,is_feasible
0,0.000000,0.000000,1
1,0.250000,0.250000,1
2,0.500000,0.550000,1
3,0.750000,0.850000,1
4,1.000000,1.200000,1
5,1.250000,1.550000,1
6,1.500000,1.899999,1
7,1.750000,2.199999,1
8,2.000000,2.449999,1
9,2.250000,2.649999,1
10,2.500000,2.849998,1
11,2.750000,3.099998,1
12,3.000000,3.349998,1
13,3.250000,3.599998,1
14,3.500000,3.849998,1
15,3.750000,4.099998,1
16,4.000000,4.349998,1
