id,is_consider,is_dynamic,x,y,s,l,min_s,max_s,min_l,max_l,s_vel,l_vel,t_in,t_out,s_in,s_out
0,0,0,1.100000,-1.350000,17.479532,-1.772385,17.014448,17.944616,-2.289494,-1.255276,0.000000,0.000000,0.000000,0.000000,0.000000,0.000000
1,0,0,2.100000,1.050000,10.611076,0.451603,1.200311,20.021843,-0.024899,0.928104,0.000000,0.000000,0.000000,0.000000,0.000000,0.000000
2,0,0,3.200000,-0.650000,10.365066,-1.538884,2.015656,18.714478,-1.956064,-1.121703,0.000000,0.000000,0.000000,0.000000,0.000000,0.000000
3,0,0,4.500000,1.100000,12.707300,-1.676659,3.370183,22.044418,-2.172108,-1.181210,0.000000,0.000000,0.000000,0.000000,0.000000,0.000000
4,0,0,5.600000,0.350000,13.109752,-2.978680,3.265504,22.954000,-3.380791,-2.576569,0.000000,0.000000,0.000000,0.000000,0.000000,0.000000
5,0,0,6.700000,1.950000,24.440088,-1.870500,23.869921,25.010256,-2.260690,-1.480310,0.000000,0.000000,0.000000,0.000000,0.000000,0.000000
6,0,0,7.600000,0.700000,25.379435,-3.178926,25.040607,25.718262,-3.496874,-2.860979,0.000000,0.000000,0.000000,0.000000,0.000000,0.000000
