index,x,y,yaw,dir
0,3.625,15.125,-1.02936,1
1,8.04951,8.76626,-0.78269,1
