id,center_x,center_y,length,width,yaw,x_vel,y_vel
0,2.500000,0.200000,1.200000,0.800000,0.000000,0.000000,0.000000
