index,x,y,yaw,dir
0,13.125,13.375,1.52772,1
1,13.0249,15.025,2.65291,1
2,10.9333,15.0245,-2.73667,1
3,8.72391,12.8355,-1.73014,1
