id,center_x,center_y,length,width,yaw,x_vel,y_vel
0,3.000000,0.000000,0.800000,0.800000,0.060000,0.000000,0.000000
1,4.800000,2.000000,1.800000,0.700000,-0.090000,0.000000,0.000000
2,7.000000,-0.250000,0.800000,0.700000,0.140000,0.000000,0.000000
