index,t,s,v,a
0,0.000000,-0.000000,0.499845,0.000039
1,0.500000,0.249928,0.499868,0.000053
2,1.000000,0.499868,0.499895,0.000056
3,1.500000,0.749824,0.499930,0.000085
4,2.000000,0.999800,0.499979,0.000111
5,2.500000,1.249805,0.500038,0.000125
6,3.000000,1.499840,0.500100,0.000122
7,3.500000,1.749904,0.500155,0.000095
8,4.000000,1.999991,0.500188,0.000039
