index,t,s
0,0.000000,0.000000
1,0.500000,0.000000
2,1.000000,0.000000
3,1.500000,0.000000
4,2.000000,0.000000
5,2.500000,0.000000
6,3.000000,0.000000
7,3.500000,0.000000
8,4.000000,0.000000
