id,is_consider,is_dynamic,x,y,s,l,min_s,max_s,min_l,max_l,s_vel,l_vel,t_in,t_out,s_in,s_out,corner0_s,corner0_l,corner1_s,corner1_l,corner2_s,corner2_l,corner3_s,corner3_l
0,1,1,3.200000,1.100000,2.650000,1.100000,2.202754,3.097246,0.733235,1.466765,0.300000,-1.200000,0.000000,2.055637,2.202754,2.926863,3.097246,1.323541,2.989829,0.733235,2.310171,1.466765,2.202754,0.876459
