index,x,y,yaw,dir
0,-0.25135,18.0369,-0.0109142,1
1,10.6867,12.3146,-0.780835,1
