id,center_x,center_y,length,width,yaw,x_vel,y_vel
0,1.100000,-1.350000,0.950000,0.800000,0.180000,0.000000,0.000000
1,2.100000,1.750000,0.750000,0.600000,-0.090000,0.000000,0.000000
2,3.200000,-0.350000,0.700000,0.550000,0.110000,0.000000,0.000000
3,4.500000,1.500000,0.850000,0.700000,-0.150000,0.000000,0.000000
4,5.600000,-0.450000,0.650000,0.500000,0.060000,0.000000,0.000000
5,6.700000,2.950000,0.900000,0.750000,0.140000,0.000000,0.000000
6,7.600000,1.000000,0.600000,0.550000,-0.120000,0.000000,0.000000
