id,center_x,center_y,length,width,yaw,x_vel,y_vel
0,3.200000,1.100000,0.800000,0.600000,-0.020000,0.200000,-0.900000
1,1.200000,-2.100000,0.800000,0.600000,-0.020000,0.300000,0.600000
