index,x,y,yaw,dir
0,3.625,15.125,-1.02862,1
1,4.11663,14.1902,-0.9223,1
2,8.1749,8.64319,-0.795723,1
